Workbook

Sheet Sheet1
A1: DSPLN | B1: New Code | C1: Tablet Sim Number | D1: Partial DSP Name | E1: Old Code
A2: KCM | B2: KNE0003 | C2: 9625323384 | D2: MICHAEL CRUZ | E2: KNE0003
A3: SEC | B3: KNE0005 | C3: 9624206352 | D3: MELVIN JOHN MENDEZ | E3: KNE0007
A4: SEC | B4: KNE0006 | C4: 9625410860 | D4: JOHNY CRISTOBAL | E4: KNE0013
A5: TER | B5: KNE0007 | C5: 9082174652 | D5: BERNARDO DELA CRUZ | E5: KNE0008
A6: TER | B6: KNE0008 | C6: 9625344207 | D6: JONATHAN ALBERTO | E6: KNE0006
A7: TER | B7: KNE0009 | C7: 9608338041 | D7: DELFIN DE BELEN | E7: KNE0019
A8: TER | B8: KNE0010 | C8: 9624685429 | D8: FLORESTY CASIMIRO | E8: KNE0012
A9: TER | B9: KNE0012 | C9: 9624206342 | D9: JEFFERSON VILLAMAR | E9: KNE0018
A10: TER | B10: KNE0013 | C10: 9624206346 | D10: MELMAR CABALLERO | E10: KNE0005
A11: TER (OPM) | B11: KNE0014 | C11: 9625344211 | D11: KIM ZYMON GONZALES | E11: KNE0020
A12: EXT | B12: KNE0015 | C12: 9624206351 | D12: RAYMOND ALMORIN | E12: KNE0014
A13: EXT | B13: KNE0016 | C13: 9624815309 | D13: CHRISMAR ANTONIO | E13: KNE0015
... A26: EXT | B26: KNE0032 | C26: 9625344214 | D26: VACANT | E26: KNE0004
A27: EXT | B27: KNE0033 | C27: 9626408538 | D27: VACANT
A28: EXT | B28: KNE0034 | C28: 9082473499 | D28: DONNIE GARCIA | E28: KNE0009

Sheet Sheet2
B2: #VALUE! | C2: KNE0003 | E2: #VALUE! | F2: KNE0005 | H2: #VALUE! | I2: KNE0006
C3: =VLOOKUP(C2,Sheet1!B:C,2,FALSE) -> 9625323384 | F3: =VLOOKUP(F2,Sheet1!B:C,2,FALSE) -> 9624206352 | I3: =VLOOKUP(I2,Sheet1!B:C,2,FALSE) -> 9625410860
B5: #VALUE! | C5: KNE0007 | E5: #VALUE! | F5: KNE0008 | H5: #VALUE! | I5: KNE0009
C6: =VLOOKUP(C5,Sheet1!B:C,2,FALSE) -> 9082174652 | F6: =VLOOKUP(F5,Sheet1!B:C,2,FALSE) -> 9625344207 | I6: =VLOOKUP(I5,Sheet1!B:C,2,FALSE) -> 9608338041
B8: #VALUE! | C8: KNE0010 | E8: #VALUE! | F8: KNE0012 | H8: #VALUE! | I8: KNE0013
C9: =VLOOKUP(C8,Sheet1!B:C,2,FALSE) -> 9624685429 | F9: =VLOOKUP(F8,Sheet1!B:C,2,FALSE) -> 9624206342 | I9: =VLOOKUP(I8,Sheet1!B:C,2,FALSE) -> 9624206346
B11: #VALUE! | C11: KNE0014 | E11: #VALUE! | F11: KNE0015 | H11: #VALUE! | I11: KNE0016
C12: =VLOOKUP(C11,Sheet1!B:C,2,FALSE) -> 9625344211 | F12: =VLOOKUP(F11,Sheet1!B:C,2,FALSE) -> 9624206351 | I12: =VLOOKUP(I11,Sheet1!B:C,2,FALSE) -> 9624815309
B14: #VALUE! | C14: KNE0017 | E14: #VALUE! | F14: KNE0018 | H14: #VALUE! | I14: KNE0019
C15: =VLOOKUP(C14,Sheet1!B:C,2,FALSE) -> 9624206350 | F15: =VLOOKUP(F14,Sheet1!B:C,2,FALSE) -> 9624337746 | I15: =VLOOKUP(I14,Sheet1!B:C,2,FALSE) -> 9624279788
B17: #VALUE! | C17: KNE0020 | E17: #VALUE! | F17: KNE0024 | H17: #VALUE! | I17: KNE0025
C18: =VLOOKUP(C17,Sheet1!B:C,2,FALSE) -> 9626408536 | F18: =VLOOKUP(F17,Sheet1!B:C,2,FALSE) -> 9624337751 | I18: =VLOOKUP(I17,Sheet1!B:C,2,FALSE) -> 9624206349
B20: #VALUE! | C20: KNE0026 | E20: #VALUE! | F20: KNE0027 | H20: #VALUE! | I20: KNE0028
C21: =VLOOKUP(C20,Sheet1!B:C,2,FALSE) -> 9624206348 | F21: =VLOOKUP(F20,Sheet1!B:C,2,FALSE) -> 9627483141 | I21: =VLOOKUP(I20,Sheet1!B:C,2,FALSE) -> 9624815303
B23: #VALUE! | C23: KNE0029 | E23: #VALUE! | F23: KNE0030 | H23: #VALUE! | I23: KNE0031
C24: =VLOOKUP(C23,Sheet1!B:C,2,FALSE) -> 9624206344 | F24: =VLOOKUP(F23,Sheet1!B:C,2,FALSE) -> 9624864306 | I24: =VLOOKUP(I23,Sheet1!B:C,2,FALSE) -> 9625344204
B26: #VALUE! | C26: KNE0032 | E26: #VALUE! | F26: KNE0033 | H26: #VALUE! | I26: KNE0034
C27: =VLOOKUP(C26,Sheet1!B:C,2,FALSE) -> 9625344214 | F27: =VLOOKUP(F26,Sheet1!B:C,2,FALSE) -> 9626408538 | I27: =VLOOKUP(I26,Sheet1!B:C,2,FALSE) -> 9082473499
